rate_id,business_date,from_currency,to_currency,rate,source,loaded_at
1,2024-09-16,GBP,USD,1.3122,bloomberg,2024-09-16T18:00:00
2,2024-09-16,EUR,USD,1.1085,bloomberg,2024-09-16T18:00:00
3,2024-09-16,JPY,USD,0.00693,bloomberg,2024-09-16T18:00:00
4,2024-09-16,GBP,USD,1.3120,reuters,2024-09-16T18:05:00
5,2024-09-16,EUR,USD,1.1084,reuters,2024-09-16T18:05:00
6,2024-09-16,JPY,USD,0.00692,reuters,2024-09-16T18:05:00
7,2024-09-17,GBP,USD,1.3145,bloomberg,2024-09-17T18:00:00
8,2024-09-17,EUR,USD,1.1103,bloomberg,2024-09-17T18:00:00
9,2024-09-17,JPY,USD,0.00695,bloomberg,2024-09-17T18:00:00
10,2024-09-17,GBP,USD,1.3144,reuters,2024-09-17T18:05:00
11,2024-09-17,EUR,USD,1.1102,reuters,2024-09-17T18:05:00
12,2024-09-17,JPY,USD,0.00694,reuters,2024-09-17T18:05:00
13,2024-09-18,GBP,USD,1.3168,bloomberg,2024-09-18T18:00:00
14,2024-09-18,EUR,USD,1.1120,bloomberg,2024-09-18T18:00:00
15,2024-09-18,JPY,USD,0.00698,bloomberg,2024-09-18T18:00:00
16,2024-09-18,GBP,USD,1.3167,reuters,2024-09-18T18:05:00
17,2024-09-18,EUR,USD,1.1119,reuters,2024-09-18T18:05:00
18,2024-09-18,JPY,USD,0.00697,reuters,2024-09-18T18:05:00
19,2024-09-16,USD,USD,1.00000,system,2024-09-16T00:00:00
20,2024-09-17,USD,USD,1.00000,system,2024-09-17T00:00:00
21,2024-09-18,USD,USD,1.00000,system,2024-09-18T00:00:00
