price_id,isin,business_date,close_price,open_price,high_price,low_price,volume,source,currency,loaded_at
1,US0378331005,2024-09-16,220.11,219.50,221.30,218.80,54321000,bloomberg,USD,2024-09-16T18:00:00
2,US0378331005,2024-09-16,220.08,219.50,221.30,218.80,54321000,reuters,USD,2024-09-16T18:05:00
3,US0378331005,2024-09-17,222.50,220.20,223.10,219.90,48750000,bloomberg,USD,2024-09-17T18:00:00
4,US0378331005,2024-09-17,222.49,220.20,223.10,219.90,48750000,reuters,USD,2024-09-17T18:05:00
5,US0378331005,2024-09-18,220.85,222.60,223.00,220.00,61200000,bloomberg,USD,2024-09-18T18:00:00
6,US0378331005,2024-09-18,220.80,222.60,223.00,220.00,61200000,reuters,USD,2024-09-18T18:05:00
7,US5949181045,2024-09-16,431.42,430.10,433.20,429.50,22100000,bloomberg,USD,2024-09-16T18:00:00
8,US5949181045,2024-09-16,431.40,430.10,433.20,429.50,22100000,reuters,USD,2024-09-16T18:05:00
9,US5949181045,2024-09-17,435.16,431.50,436.00,430.80,19800000,bloomberg,USD,2024-09-17T18:00:00
10,US5949181045,2024-09-17,435.15,431.50,436.00,430.80,19800000,reuters,USD,2024-09-17T18:05:00
11,US5949181045,2024-09-18,433.90,435.20,436.50,432.00,25400000,bloomberg,USD,2024-09-18T18:00:00
12,US5949181045,2024-09-18,433.88,435.20,436.50,432.00,25400000,reuters,USD,2024-09-18T18:05:00
13,GB0002634946,2024-09-16,27.45,27.30,27.60,27.20,8900000,bloomberg,GBP,2024-09-16T18:00:00
14,GB0002634946,2024-09-16,27.44,27.30,27.60,27.20,8900000,reuters,GBP,2024-09-16T18:05:00
15,GB0002634946,2024-09-17,27.62,27.46,27.80,27.40,7600000,bloomberg,GBP,2024-09-17T18:00:00
16,GB0002634946,2024-09-17,27.61,27.46,27.80,27.40,7600000,reuters,GBP,2024-09-17T18:05:00
17,FR0000131104,2024-09-16,58.33,58.10,58.70,57.90,5400000,bloomberg,EUR,2024-09-16T18:00:00
18,FR0000131104,2024-09-16,58.32,58.10,58.70,57.90,5400000,reuters,EUR,2024-09-16T18:05:00
19,DE0007164600,2024-09-16,195.48,194.90,196.20,194.50,2100000,bloomberg,EUR,2024-09-16T18:00:00
20,DE0007164600,2024-09-16,195.45,194.90,196.20,194.50,2100000,reuters,EUR,2024-09-16T18:05:00
21,XC0009655157,2024-09-16,2576.80,2570.00,2580.00,2568.00,185000,bloomberg,USD,2024-09-16T18:00:00
22,XC0009655157,2024-09-16,2576.85,2570.00,2580.00,2568.00,185000,reuters,USD,2024-09-16T18:05:00
23,XC0009655157,2024-09-17,2589.20,2577.00,2592.00,2575.00,210000,bloomberg,USD,2024-09-17T18:00:00
24,XC0009655157,2024-09-17,2589.25,2577.00,2592.00,2575.00,210000,reuters,USD,2024-09-17T18:05:00
25,XC0007231382,2024-09-16,73.45,73.10,74.00,72.90,420000,bloomberg,USD,2024-09-16T18:00:00
26,XC0007231382,2024-09-16,73.44,73.10,74.00,72.90,420000,reuters,USD,2024-09-16T18:05:00
27,US912828ZT8,2024-09-16,98.75,,,,100000,bloomberg,USD,2024-09-16T18:00:00
28,US912828ZT8,2024-09-16,98.73,,,,100000,reuters,USD,2024-09-16T18:05:00
29,DE0001102580,2024-09-16,88.90,,,,80000,bloomberg,EUR,2024-09-16T18:00:00
30,DE0001102580,2024-09-16,88.88,,,,80000,reuters,EUR,2024-09-16T18:05:00
31,US0000000001,2024-09-16,0.01,,,,0,bloomberg,USD,2024-09-16T18:00:00
32,US88160R1014,2024-09-16,248.50,,,,18500000,bloomberg,USD,2024-09-16T18:00:00
33,US88160R1014,2024-09-16,249.12,,,,18500000,reuters,USD,2024-09-16T18:05:00
